{"apartment_0_0": {"x_min": -3.292694091796875, "x_max": 6.073369979858398, "y_min": -4.950110912322998, "y_max": 9.816844940185547, "dim": [57, 0, 84]}, "apartment_0_1": {"x_min": -3.10202693939209, "x_max": 5.73046875, "y_min": -2.73824143409729, "y_max": 9.493049621582031, "dim": [55, 0, 72]}, "apartment_1": {"x_min": -2.5994210243225098, "x_max": 8.141658782958984, "y_min": -6.940352439880371, "y_max": 0.9596874713897705, "dim": [64, 0, 50]}, "apartment_2": {"x_min": -2.6592323780059814, "x_max": 6.776655673980713, "y_min": -8.467567443847656, "y_max": 1.7142081260681152, "dim": [58, 0, 61]}, "frl_apartment_0": {"x_min": -1.0417780876159668, "x_max": 6.171420574188232, "y_min": -3.464621067047119, "y_max": 9.18911361694336, "dim": [47, 0, 74]}, "frl_apartment_1": {"x_min": -3.600740671157837, "x_max": 9.156854629516602, "y_min": -6.294971466064453, "y_max": 1.0018417835235596, "dim": [74, 0, 47]}, "frl_apartment_2": {"x_min": -3.5715413093566895, "x_max": 9.355713844299316, "y_min": -6.0511860847473145, "y_max": 1.1920363903045654, "dim": [75, 0, 47]}, "frl_apartment_3": {"x_min": -3.414799690246582, "x_max": 9.514230728149414, "y_min": -6.135969161987305, "y_max": 1.1398398876190186, "dim": [75, 0, 47]}, "frl_apartment_4": {"x_min": -1.1992939710617065, "x_max": 6.667866230010986, "y_min": -3.7165212631225586, "y_max": 9.119123458862305, "dim": [50, 0, 75]}, "frl_apartment_5": {"x_min": -3.394653081893921, "x_max": 9.58716106414795, "y_min": -6.018548965454102, "y_max": 1.2499337196350098, "dim": [75, 0, 47]}, "hotel_0": {"x_min": -2.9049367904663086, "x_max": 5.682440280914307, "y_min": -2.5156502723693848, "y_max": 1.6282134056091309, "dim": [53, 0, 31]}, "office_0": {"x_min": -2.0055530071258545, "x_max": 2.394334316253662, "y_min": -1.8070423603057861, "y_max": 3.1535181999206543, "dim": [32, 0, 35]}, "office_1": {"x_min": -1.8129022121429443, "x_max": 2.990243911743164, "y_min": -2.5229921340942383, "y_max": 1.582060694694519, "dim": [35, 0, 31]}, "office_2": {"x_min": -3.426826000213623, "x_max": 3.0452828407287598, "y_min": -5.297728538513184, "y_max": 2.8454318046569824, "dim": [43, 0, 51]}, "office_3": {"x_min": -5.110973358154297, "x_max": 3.532518148422241, "y_min": -3.2651143074035645, "y_max": 5.935797691345215, "dim": [54, 0, 57]}, "office_4": {"x_min": -1.1963717937469482, "x_max": 5.325549125671387, "y_min": -4.179349422454834, "y_max": 2.3255600929260254, "dim": [43, 0, 43]}, "room_0": {"x_min": -0.8794665336608887, "x_max": 6.88493013381958, "y_min": -3.512190103530884, "y_max": 1.1859534978866577, "dim": [49, 0, 34]}, "room_1": {"x_min": -5.4026689529418945, "x_max": 1.2435729503631592, "y_min": -2.687471866607666, "y_max": 3.0226340293884277, "dim": [44, 0, 39]}, "room_2": {"x_min": -0.8169128894805908, "x_max": 5.953085422515869, "y_min": -1.6996139287948608, "y_max": 3.2454211711883545, "dim": [44, 0, 35]}}